{"cameraMode":{"drawMode":0,"name":"Shaded","section":"Shading Mode"},"sceneLighting":true,"audioPlay":false,"sceneViewState":{"showFog":true,"showMaterialUpdate":false,"showSkybox":true,"showFlares":true,"showImageEffects":true,"showParticleSystems":true},"in2DMode":false,"pivot":{"x":-0.9365825653076172,"y":2.159083843231201,"z":0.04074913263320923},"rotation":{"x":-0.14316892623901368,"y":0.7117564082145691,"z":-0.15193602442741395,"w":-0.6706872582435608},"size":12.915349960327149,"orthographic":false}